PATH	SIZE_BYTES	SHA256
DOCUMENTATION/AI_WORKSPACE/AI_WORKSPACE_P0_IMPLEMENTATION.md	2564	a9b2b6d74d12b45bc1699520d701cb8b015f83f14094fe461748fa9df8c4ae53
DOCUMENTATION/AI_WORKSPACE/CONTEXT_GRAPH_AND_MEMORY.md	833	f78e6a5b0122b54e0bef363b9654ab773dfcc6acba49085c5daab0d168466cca
DOCUMENTATION/AI_WORKSPACE/EXTERNAL_MODEL_PROVIDERS.md	1356	c9752c95b119e377758dbd1da0eb7b550283707551e70be73ca472f95f45cb91
DOCUMENTATION/AI_WORKSPACE/FILES_RAG_MULTIMODAL.md	949	9ff0a37e42271e4a6ddbee3e7baa050f021318f871c4fa2b524a0247e61ca967
DOCUMENTATION/AI_WORKSPACE/P0_TRACEABILITY.tsv	3292	f4a7dd3fe9e69c46c96e87c78b69875b754885f02e938eaed0fec2d5b844275c
DOCUMENTATION/AI_WORKSPACE/PRIVACY_EXPORT_RETENTION.md	906	3539fcbba76184406b830ff6f85d0e3e222293b3fb04c11b94d2505fd11a5bbc
DOCUMENTATION/AI_WORKSPACE/TOOLS_AGENTS_MCP_OPENAPI.md	998	947058f5d8eb4b2ee2006e7dc1781157a35c8702977bc9e1ad2514913f9b224e
DOCUMENTATION/AI_WORKSPACE/USER_RESEARCH_INPUT_2026-07-24.md	1037	125544bc878fe1a94a3bba90c5efb22a9ab9ac3f2f119ce568af517fe107fe45
DOCUMENTATION/AI_WORKSPACE/VERIFICATION_REPORT.md	1054	a61f486d97ca9ae9633f874905c7c4087fcdb1443a1c6cbfd5ce0b70ab99b8ac
DOCUMENTATION/AI_WORKSPACE_RELEASE.md	675	37e8b8d48bba5270257d57c2ec0d619dc087b1212bcb6432ff5dfb2acd3b0469
DOCUMENTATION/CURRENT_RELEASE_STATUS.md	1116	ca1754cf8adbc490fc867edc75781e7a26884a87e3ffac5a525d04d9b26b9255
DOCUMENTATION/FOSS_SCOPE.md	207	d15006cf2229cf2b133973295626cfe3e558554d7e7a9230cbc3410aeb0a6f0b
DOCUMENTATION/INSTALLATION_HANDOFF.md	996	05774ba9586118fc33725a955991c95efe4ae851050842c4b2ab4b4689becdb4
DOCUMENTATION/OPERATIONS_MANUAL.md	448	b06a5e948b9a1cdfdee3a214d72e478963c8cca14d7f0dd54f4f32ad85c93bef
DOCUMENTATION/RELEASE_INDEX.md	393	f36aaab82e6d4a73f189eba73e59c72fc9c36bb239a9a8320b49d8ba32366884
DOCUMENTATION/RELEASE_PROCESS.md	410	376b38ae4d62a40c1a73242367dc87c15120ec817e2a1ff39308260036eb5323
DOCUMENTATION/SUPPORT_AND_GOVERNANCE.md	309	42de2e0165ca93905da292f4d4fa96cf49802601ff7e9556a236c85caa446d2c
EVIDENCE/AI_WORKSPACE/VERIFICATION_REPORT.md	1054	a61f486d97ca9ae9633f874905c7c4087fcdb1443a1c6cbfd5ce0b70ab99b8ac
EVIDENCE/REPORT_SUMMARIES/BUILD_PREPARATION_V1_FINAL_REPORT.txt	2950	4a17de5208927ff06d109e27259c85ec906e237892b73c0e74a37c59b48f9e35
EVIDENCE/REPORT_SUMMARIES/CODE_CONSOLIDATION_V1_FINAL_REPORT.txt	5188	872c509a19f06c7cfc14f1f1db79eded0985c914fa80e3fd897de10950070f95
EVIDENCE/REPORT_SUMMARIES/RUST_MANIFEST_REMEDIATION_V1_FINAL_REPORT.txt	3795	edab3e36429af5c6b133748be684b05a1735105abd666f807da48f64d32d2f69
EVIDENCE/RUST_BUILD_ARTIFACTS.tsv	1725	b84b7bec34324f1224281d88b7906a5103d1adcf2d7b7b1f4570f7aa1bb9e216
EVIDENCE/RUST_BUILD_PROVENANCE.json	3970	3d82d64f82c2f29b1ced8c519506bd80565dddc0f8556f4df234258e60c6357e
FUNDING/01_PROJECT_EXECUTIVE_SUMMARY.md	946	cc5f078fea64ce418627db53dcbbeade0c5a3cd97e69fa71cb1caa1ac341560c
FUNDING/02_PROBLEM_AND_PUBLIC_VALUE.md	674	7636f0a8281b10e2909441a23f1180f05425a01dba5f0c5bb5982e26a530afda
FUNDING/03_TECHNICAL_INNOVATION.md	541	cf6ccfeb4619d294625501adc0baca55264fb75cd835373465d92aac9fe41155
FUNDING/04_FOSS_SCOPE_AND_PROPRIETARY_BOUNDARIES.md	584	12e53be46c64d766cf0746087f558a85b45f8e09d08ebc6215370d39252c3a55
FUNDING/05_CURRENT_IMPLEMENTATION_STATUS.md	1586	c9c2ca192ee5d1d91b6f185342344062e79d7f5b579b00cbc5595c7e38c31f0f
FUNDING/06_COMPLETED_TECHNICAL_EVIDENCE.md	507	c956e299c1e8cad72926f34a6b30efb3da03c76aa49619f91055de73201948a4
FUNDING/07_REMAINING_WORK_PACKAGES.md	1039	4b09cb3ee965ab47a836f31eae5d446aa668bf422dbd84726911b003ab465251
FUNDING/08_MILESTONES_AND_DELIVERABLES.md	975	01b93cbf410aec2606d040cd9f3572158d6d2d8c7140d356c3991e0dcb82712c
FUNDING/09_ENGINEERING_EFFORT_ESTIMATE.md	757	c393003f24f746b89154d0dd49e8cfdd0a1f816d93e1d6829afd84ab40b38baa
FUNDING/10_BUDGET_STRUCTURE.md	650	8fb5343fd8872d34a98d10cad0824198ef94495b23e456d58585c0b2208180fa
FUNDING/11_RISK_REGISTER.md	941	9c0ca4c305c6a1aaf76c146415f100ae1fdc9306ffb1838d362ce1457c59d65e
FUNDING/12_SECURITY_AND_PRIVACY.md	418	d2f0962bf318f1ba0b59c447902d2dcf384d382712f2e54403aba74146e0c6a5
FUNDING/13_SUSTAINABILITY_AND_GOVERNANCE.md	335	2e37836530f43fd710a6611353af3365e895e1cc5078ff81c5fa3ef25b7295c9
FUNDING/14_IMPACT_AND_ADOPTION_PLAN.md	544	2785b62d8ae75ce2c1239da7bab4475a120035f1049ffdd756b5532f2e58cf39
FUNDING/15_NLNET_NGI_COMPATIBILITY.md	514	cb6992c8623fb584daef0bdf309d1dfb09ae132cb8895dbe4762bb277baa91eb
FUNDING/16_EVIDENCE_INDEX.md	460	ad4a7d69c35ab53385c55df545356921564ecda4c6e6e09be5223279f80e2d24
FUNDING/17_APPLICATION_ANSWER_BANK.md	1505	effca63e963c3053ae08e265d62dd4b7555359c6dc94bcbbdfc422df26d9ef8c
LICENSES/README.md	681	b177f1da0be5aaa23df03c25762a9f90dd6fadefaa76e6c8580a02535e28e952
OPERATIONS/docs/AIR_GAPPED_OPERATIONS.md	220	96d18198dc2a42de1b9a575c04d26bce3138d6b626f7bc3303d9a145f4213274
OPERATIONS/docs/AUTHORITY_OPERATIONS.md	290	b9a609fb658dcc38491b8d1209fefec5fd8d85b72718f876670fbc874b12fb52
OPERATIONS/docs/BACKUP_RESTORE.md	259	d941a2fcc26825fa855201468a150d22be345063f196774d733ab1da7bb670de
OPERATIONS/docs/CAPABILITY_OPERATIONS.md	439	193a49f5e93d8ec9551ee752b92d597923d06cfca5115f409b33ca7ec6ed370c
OPERATIONS/docs/FINAL_PROMOTION_CHECKLIST.md	298	cbda68084ee1eb67e7048b0b68b6a2d34e90134436eca63bd8ec40c16f7209b9
OPERATIONS/docs/INCIDENT_RESPONSE.md	390	c2934f28d46c53e88ad7779beb0037f6661657f9a58a9a25ae52b8fa0b22cb50
OPERATIONS/docs/INSTALLATION_GUIDE.md	299	0605cf8d9c2a6f8eea370c7bb168a586bd4ae88f180306f60baf15f7b7c629a0
OPERATIONS/docs/POSTGRESQL_OPERATIONS.md	379	23ff34b4db864cda444c22436d231beeb896f1406e60d89bde0ebc402d75a34f
OPERATIONS/docs/PRODUCTION_PROMOTION_GATE.md	573	639c6c6611b233243a208f91f729582eb137a354ac955c7edf88a6566c15228a
OPERATIONS/docs/SUPPORT_LIFECYCLE.md	228	c1e9bd7c3c2f4706f089b64b24ace3f2ba9ecdcb85193d9109833755a37a527a
OPERATIONS/docs/UPDATE_AND_ROLLBACK.md	301	81f23b3ea3fe6ab667680052334ce8f450908cd80f8705e268a88b6dd97acf42
OPERATIONS/historical-release-evidence/release/ACCEPTANCE_STATUS.json	7397	6fd769b80a07e385e240240993b0bb1a955a3884fee9f0b88a2a0bfcc1854abe
OPERATIONS/historical-release-evidence/release/RELEASE_INDEX.json	3994	b20ed4ce590960be677099b2e7d446db0e18380ad9bb9c1e2eb61d4e1a1cb5f5
OPERATIONS/historical-release-evidence/release/RELEASE_NOTES.json	1154	028080e98ce7e6b8243d1bdc800ee802b3a2caa8a339a53b91cc9897b1962cc6
OPERATIONS/historical-release-evidence/scripts/releasectl.py	10478	b2b1093d211f5a9e173cbb953d7312d639db9bc9da99a4b33ee0cddefe2d7f36
OPERATIONS/historical-release-evidence/scripts/verify.ps1	142	726e869fc3a26caad5ebf0d47b73d054c95b4401a1ba1581820f5d546032395d
OPERATIONS/historical-release-evidence/scripts/verify.sh	130	0dcfba4bf30084d3713755c9b21f0bcf5556ec3242c89e7272564ccd939ccbcf
OPERATIONS/runtime/runtime/backup.sh	448	f1a5344bbf53b7a179dc4beb320d0f718478af5e0477aff00f46308107150aa3
OPERATIONS/runtime/runtime/compile-production-readiness.py	3447	4802d06eec7719ce1e5605102daada2e9175b07cbabe231a39d340d6ce57e34c
OPERATIONS/runtime/runtime/create-support-bundle.py	2940	ef42cf3073dafb48892b4984632191c2640b5af5b4f2df0454a57f0cc7a1b1fd
OPERATIONS/runtime/runtime/export-oci-image.sh	264	a52f4c3deef0de952fad9890b5e56e363af7b056ac61a4ebced2bb0d20b5fee3
OPERATIONS/runtime/runtime/import-oci-image.sh	215	e28676de1798e2fdcb681d14d273fa154a04ded4ffe4508df58c1e297d4ef6df
OPERATIONS/runtime/runtime/postgres/README.md	315	e5a77c6c142b3498281069bc03a8c4cc08b4a77cdfcf6b355b9cd81ac15e254f
OPERATIONS/runtime/runtime/postgres/acceptance.sql	1172	fe57b5a1fc5a3e0351e2f911daf85740c32cbf130c1bdc96796539fe1e5ec8e7
OPERATIONS/runtime/runtime/postgres/apply-migrations.sh	1897	f44f945ba3559c5a9abe176ed41cc3952d1dc3b42be2bc161257d1d7ba00c706
OPERATIONS/runtime/runtime/postgres/backup.sh	742	24b883b2b344215968febb623347eb430c87cc7c7a866cbf824132ed15860598
OPERATIONS/runtime/runtime/postgres/migration-plan.py	2854	7e66d7a8c9ae1739b8ed3866dfe0ff6da2df3d05457d478fa1fb27af88819fd8
OPERATIONS/runtime/runtime/postgres/restore.sh	775	3372b8387935d2fab2905581779bc8bc5f565aeab73b9d482a8a17dee903bce9
OPERATIONS/runtime/runtime/postgres/run-live-acceptance.sh	672	b576f077060dc02030d20fffbaa82de10f8b27d758377b70a46fd88c2eb13908
OPERATIONS/runtime/runtime/postgres/verify-migrations.py	192	c8f86bb2d71c18eed98b6872f86afcb5f8a3b4c020f2bf12657acf8a79366fb6
OPERATIONS/runtime/runtime/restore.sh	968	5f12daa672e95de55972b32b723dfd6d53238c53dea4da7f821df053612a2b95
OPERATIONS/runtime/runtime/safe_extract_backup.py	1369	69f4b7398432561649d9b630612c26930416bce80e555e55300ca98fcc2b8b46
OPERATIONS/runtime/runtime/system-doctor.mjs	3030	9a197867b36d0318ad8f90bff96f7e5b16253b3870d7f33519ae6695216cfc5b
OPERATIONS/runtime/runtime/verify-runtime.sh	421	7434bbfd25550559df66c113dc70af8fbb12148317f4d720b2baec3be287ffe5
OPERATIONS/updates/README.md	443	7013d5d46e37a68770abb246efa1f5db187ba9c7f5be7875dae7144c2495c0d6
OPERATIONS/updates/verify-offline-update.py	1546	66a954df1cbb3fff546ea3ac3dc0887ba53e2f3f225a1ee0c3791948d4a7c3ee
PACKAGE_METADATA.json	2188	e72fca123acb8a36860f53b4c3759305c0ef569ce85e7eecc839e604b1716665
PROJECT_GOVERNANCE/00_CONTROL/00_EXECUTIVE_SUMMARY.md	686	59b1da8508d9d3ef52f244e98787152e113a362d3a95885b3f4a3b69947b23f6
PROJECT_GOVERNANCE/00_CONTROL/01_AUTHORITY_AND_SCOPE.md	601	02e08e3b4274f809067878fdb9317888faa951ca5be2988583a205cec90763b3
PROJECT_GOVERNANCE/00_CONTROL/02_PRODUCT_BOUNDARY_AND_CLAIMS.md	586	2746a1270cbb28fa68c2ca978f6e5ba35457704405f735f4fa921e25ef067991
PROJECT_GOVERNANCE/00_CONTROL/03_V2_V3_TRACEABILITY.md	592	d03e67a3d0ad4082def6e409fc29846ca92a2cf3cfb53b9a935c58568b9fdd85
PROJECT_GOVERNANCE/00_CONTROL/04_DECISION_LOG.md	2007	b040878f5fbe45ebe04263d571e2b935b1104d0e984a1adff75d3862507a8f65
PROJECT_GOVERNANCE/00_CONTROL/05_RISK_REGISTER.md	1855	d82e48774c9cb0f9cbbb4c5da495fc810c2226354cc9130a803e5033cfbdd576
PROJECT_GOVERNANCE/00_CONTROL/06_DEFINITION_OF_DONE.md	426	9a4ce651b5c94a5780d96f3d66801115961be3d6738e615545d2cf24d80b52ac
PROJECT_GOVERNANCE/00_CONTROL/07_IMPLEMENTATION_GATES.md	619	9edebc7d57a1b3fc399258ed59078e17c24a70f90636f4070d9b91d65f2cabb4
PROJECT_GOVERNANCE/01_PRODUCT/10_PRODUCT_VISION.md	387	0df60453a390da33b9896ed1b2b6c9b722a8990d5e51a555040efbf40536b63a
PROJECT_GOVERNANCE/01_PRODUCT/11_USER_EXPERIENCE_AND_APPROVED_WEBUI.md	536	277b05248bcdd4756e51bdd42ddabb1703761448bcc2813e0403a5c4ebecd3e7
PROJECT_GOVERNANCE/01_PRODUCT/12_LOCAL_FIRST_PRIVACY_INDICATOR.md	441	28ecc0963fe7e0da5c89e6a408a75ce7b4824e2a28c6429fd982906fde629685
PROJECT_GOVERNANCE/01_PRODUCT/13_EDITIONS_LICENSING_CONTINUITY.md	572	a798a12d16be8215edbf4b465cb760cf59b490080278b0722d8c9db3e685bd76
PROJECT_GOVERNANCE/01_PRODUCT/14_IDENTITY_COLLABORATION.md	493	7fbb4b1efd1454715e741cd47789d1b0608b13a6b276d0191c8c91a35f83af72
PROJECT_GOVERNANCE/01_PRODUCT/15_ACCESSIBILITY_LOCALIZATION_TIMEZONE.md	429	10dc0ee47e8d6456becb7df45b617a72e0a6d4cc27fc688646717a712e3cab6a
PROJECT_GOVERNANCE/02_ARCHITECTURE/20_TARGET_ARCHITECTURE.md	448	578e4726fe5c9f152dbc17c52aa626c8b3376ff6cdbb71b5d6d393d5514abbe3
PROJECT_GOVERNANCE/02_ARCHITECTURE/21_LANGUAGE_AND_STACK_DECISIONS.md	511	6e225a34d02e50d761ee871bd774f9fe31e9264d2fe9e9e60a65309b8ac7d553
PROJECT_GOVERNANCE/02_ARCHITECTURE/22_REPOSITORY_ARCHITECTURE.md	660	85c26940d8c39f4d31473d41c8a43303b44d4426e0054eb5548955d82780f1f8
PROJECT_GOVERNANCE/02_ARCHITECTURE/23_PUBLIC_PRIVATE_COMPONENT_BOUNDARY.md	595	bf430ed55ea549262eb2e323d97a67afae8b6aa45830e712bd787e8a1f603282
PROJECT_GOVERNANCE/02_ARCHITECTURE/24_DATA_STORAGE_ARCHITECTURE.md	628	b803c94728468a135b8e1a457ec8af0c054cfc503979661fea74ac442b2eb3e7
PROJECT_GOVERNANCE/02_ARCHITECTURE/25_INTERFACE_AND_EVENT_CONTRACTS.md	563	f59b81bd449faeb294f00c4b952d72a5213ad4e7ea50b0a35e012ee009937314
PROJECT_GOVERNANCE/02_ARCHITECTURE/26_SINGLE_CONTAINER_DEPLOYMENT.md	554	a6ea6ab74b4be07c37af588833803ff0352ce9cf7bee7e67fd4236a59a37cabd
PROJECT_GOVERNANCE/02_ARCHITECTURE/27_ENTERPRISE_SCALE_OUT.md	431	b0f7c4d8f69cccb831eae0fba9256d99eeef57704045e0e0c2f13930d1322051
PROJECT_GOVERNANCE/03_SECURITY/30_SECURITY_KERNEL.md	751	eb0440262bdb8869fbe219308344b24f5a36c17cc5fc57803d7be22f115285a2
PROJECT_GOVERNANCE/03_SECURITY/31_THREAT_MODEL.md	871	c9b7e25a1e73f7fb9723c78c9649ab503adc72b03f080a91694e4cea279a3579
PROJECT_GOVERNANCE/03_SECURITY/32_CODEN_PATH_AUTHORIZATION.md	652	16acc50e236c9aedaa351d793218eb867f4c0a0807b9d86f25da1525d052dfaa
PROJECT_GOVERNANCE/03_SECURITY/33_OWNER_BYPASS_AND_INVARIANTS.md	738	1d98a0cf124b182c055947291d819f1cc65fcc52a90d4a74c64f935bb431f1bf
PROJECT_GOVERNANCE/03_SECURITY/34_AGENT_TOOL_CAPABILITY_SANDBOX.md	713	8197b41f95514dff00723c1d97009ff40102d98335ac4f5dccb34d2c775dc36a
PROJECT_GOVERNANCE/03_SECURITY/35_SUPPLY_CHAIN_UPDATE_SECURITY.md	646	8d081ea0cdf5ef0eb4475213edfb99b99801c13646e874b8f94fe3a98418c3d5
PROJECT_GOVERNANCE/03_SECURITY/36_SECRETS_IDENTITY_ZERO_TRUST.md	551	70431d33665527f98a94bca57fcf8fa88502433307be661b45dd638322bec021
PROJECT_GOVERNANCE/03_SECURITY/37_HARM_PREVENTION_AND_CYBER_PHYSICAL.md	606	fce8f6992da7e5ed7ac6fe165638a58c1f1070f5de53ed4be6cf5c25c60272fe
PROJECT_GOVERNANCE/03_SECURITY/38_INCIDENT_RESPONSE_VULNERABILITY_DISCLOSURE.md	564	1efbd4149f3d7a6e149d080e17a4b3c14c4427828d6993f416ed5e76132d3b4b
PROJECT_GOVERNANCE/04_AI_PLATFORM/40_HARDWARE_RUNTIME_ORCHESTRATOR.md	709	eeb2dd8d6842e5b880de28985627fbf8072f819c5e949eb4518cbc947e307f85
PROJECT_GOVERNANCE/04_AI_PLATFORM/41_MODEL_GOVERNANCE.md	623	e6d9a53874517e1994e8514cea5a86b7998da506515ffa8a0b5d66e9f848dcc3
PROJECT_GOVERNANCE/04_AI_PLATFORM/42_MULTI_GPU_MEMORY_PLANNER.md	605	236142b2ccdaa6ec39be5c1879bcf384da250379aafa2741dbf3faf6a6fa9c91
PROJECT_GOVERNANCE/04_AI_PLATFORM/43_ATOM_PRIVATE_PROVIDER_BOUNDARY.md	577	d95cdbe3dda0235ce3ccc63f434c2cc63e1358f7f43a4293b287155237be10f0
PROJECT_GOVERNANCE/04_AI_PLATFORM/44_MEVCM_MEMORY_AND_CONTAMINATION.md	534	3d80ffe2a5281ae4d26e9e7a68b7f019095228fcebc18d42e34968c787071c3f
PROJECT_GOVERNANCE/04_AI_PLATFORM/45_DOCUMENT_KNOWLEDGE_SEARCH.md	459	2571c1509e2c60781d43839599d437debfff69f2e844e7304c2511e1961c28a8
PROJECT_GOVERNANCE/04_AI_PLATFORM/46_AGENT_WORKFLOW_PROGRAMMABLE_DOCS.md	464	6f212a28ba327177929159c63e7d40f5e6d6e32c1b3c82fe21fc8639b20798ef
PROJECT_GOVERNANCE/04_AI_PLATFORM/47_CODEN_ULTRA_PRODUCT_SPEC.md	641	c1228a20d547a968c63038e71943361cb9cdb29995934b49308d8520955a6dbb
PROJECT_GOVERNANCE/04_AI_PLATFORM/48_TECHNOLOGY_RADAR.md	555	05aaf8e9f16d167a94e3f12e62972e30c3ddcaea03aeaa80b00227e3228b4be7
PROJECT_GOVERNANCE/05_OPEN_SOURCE_COMMERCIAL/50_DUAL_LICENSING_STRATEGY.md	773	abf4bdd08cb0aadf5e54ca06a7dc70e677029e8b430ab594756e32f5fc076860
PROJECT_GOVERNANCE/05_OPEN_SOURCE_COMMERCIAL/51_PUBLIC_REPOSITORY_GOVERNANCE.md	571	dbfd702a656baad93ac9933eddc69a11e7701e984a5fe226fa16a0f69557f1cd
PROJECT_GOVERNANCE/05_OPEN_SOURCE_COMMERCIAL/52_CONTRIBUTIONS_CLA_DCO.md	518	8279d73c5042e296a27fd7a397c9f138a08ad52f79f4b77d060662af6f48aa7b
PROJECT_GOVERNANCE/05_OPEN_SOURCE_COMMERCIAL/53_TRADEMARK_CERTIFICATION_POLICY.md	480	ad3c0e64d3f68fa57148c65ee5f1994f89c293c096611ba7c99e6c12e3ecb11c
PROJECT_GOVERNANCE/05_OPEN_SOURCE_COMMERCIAL/54_DEPENDENCY_LICENSE_POLICY.md	534	bc466d760038fbb05574b72972dd9f2c4b7b2daa1dcc4ff7682f21c4356c72b0
PROJECT_GOVERNANCE/05_OPEN_SOURCE_COMMERCIAL/55_GRANT_COMPATIBILITY.md	647	09e4e2ddcb57ee2e04bc22d342f19c9b6d4c8a716b53b8e26a855176742dd165
PROJECT_GOVERNANCE/05_OPEN_SOURCE_COMMERCIAL/56_FUNDING_WORK_PACKAGES.md	474	210ff7f23ee72f987551b0b4becb64024126cdfa17b6125b4222fa06cc18ddd4
PROJECT_GOVERNANCE/05_OPEN_SOURCE_COMMERCIAL/57_OPEN_SOURCE_SECURITY_MAINTENANCE.md	427	680968eac02cfcf7eff72797615b7fb1ee3b5179d0474d0d7dd4ec8568d50da2
PROJECT_GOVERNANCE/06_COMPLIANCE/60_GLOBAL_COMPLIANCE_ARCHITECTURE.md	543	023af4d12edf37d3f48e32a16e36648dc21b6b0bbdf790502c173099e49ac6ae
PROJECT_GOVERNANCE/06_COMPLIANCE/61_EU_COMPLIANCE_PACK.md	673	f1e362b4acfa89ab0287696c2d8843a504a4cb1c25e0fed33b36f0ca348e6f50
PROJECT_GOVERNANCE/06_COMPLIANCE/62_US_COMPLIANCE_PACK.md	510	a43da54fd3516a934e0b405398679043835c4c0e83b7a39aa668c87391719b70
PROJECT_GOVERNANCE/06_COMPLIANCE/63_OTHER_JURISDICTION_PACKS.md	422	f3c861c06de6ad897abe028061665b959943992a25a197930a7bdd6e0d4f553f
PROJECT_GOVERNANCE/06_COMPLIANCE/64_PRIVACY_DATA_GOVERNANCE.md	569	2686b9b197c16f0ece15f4d2bc22019f31a7e9db3b3ff2b765a7852d3fc93a46
PROJECT_GOVERNANCE/06_COMPLIANCE/65_ENTERPRISE_PROCUREMENT_EVIDENCE.md	507	ac4924bce38100669784a5cbff5ecac3824360d9231f6638d8725b7eaebbdb34
PROJECT_GOVERNANCE/06_COMPLIANCE/66_REGULATORY_CLAIMS_POLICY.md	421	6d460b4fe9641f4e072f6c4405a650dc58fafb6f3c627164039a162118ce0504
PROJECT_GOVERNANCE/07_INDUSTRY_MODULES/70_INDUSTRY_MODULE_FRAMEWORK.md	601	c2a8b9c9012313315a7de397553b06cbc4c4e60942434c5d7e5414ccf6b17f72
PROJECT_GOVERNANCE/07_INDUSTRY_MODULES/71_MODULE_TRUST_LEVELS.md	510	67f390e4285035a44d3d9c2badc347fe3201cd39858c2a47ac60f3aa22e8baa3
PROJECT_GOVERNANCE/07_INDUSTRY_MODULES/72_MEDICAL_SURGICAL_MODULE_BOUNDARY.md	821	3528b92f0e559c0379cf22bd95dc01cdf8b653c350fe8d2323eef78e6d9fe8ba
PROJECT_GOVERNANCE/07_INDUSTRY_MODULES/73_SCIENTIFIC_RESEARCH_MODULE_BOUNDARY.md	763	6b40fa55d4b7b590971dbb61f1ded0297a1d3512429a739c26368739b8bf0c8e
PROJECT_GOVERNANCE/07_INDUSTRY_MODULES/74_AEROSPACE_AVIATION_MODULE_BOUNDARY.md	811	88a7df9c476851da0744f6fa9c573a1d9a1b0c9bc3213e9fb45b2182a5b0c7cb
PROJECT_GOVERNANCE/07_INDUSTRY_MODULES/75_FINANCE_TRADING_MODULE_BOUNDARY.md	738	fd52ce93e833bcd88a35f4c1546b7252ac327884bfe9ae8439b49ba15da06c77
PROJECT_GOVERNANCE/07_INDUSTRY_MODULES/76_INDUSTRIAL_CRITICAL_INFRASTRUCTURE_BOUNDARY.md	770	25553e5783ea44cbec1b6522be49a8868216e6df1bc88da7892aec2828cbe26d
PROJECT_GOVERNANCE/07_INDUSTRY_MODULES/77_CUSTOMER_PRIVATE_MODULES.md	593	b6a26cd5ef38f83f83459c396c955aac4a183eff3ea64971ed8e4109572da379
PROJECT_GOVERNANCE/08_OPERATIONS/80_UPDATE_NOTIFICATION_CENTER.md	455	497b88d4abb9d666348bb358a0ab1308ada8c64a441b9c76622cb331e5d5b0d2
PROJECT_GOVERNANCE/08_OPERATIONS/81_BACKUP_RESTORE_DR.md	457	6d7224d97df140f17ddd736a3adda99f44f8e0c88bcbdd5f8c758f2010a1f5d3
PROJECT_GOVERNANCE/08_OPERATIONS/82_OBSERVABILITY_SUPPORT_DIAGNOSTICS.md	459	45ea6c47e0ccaeb31ff4a536b77cfdb912bf0ffa8fba87302c6c51bf87dd8c41
PROJECT_GOVERNANCE/08_OPERATIONS/83_RELEASE_LIFECYCLE.md	334	ab07240ab4ee5c9b149ac1c0bd911842cc83712ecc4014c9d3e19fffaf79c1d5
PROJECT_GOVERNANCE/08_OPERATIONS/84_FIVE_ZIP_DELIVERY_PLAN.md	774	6184d144d25bd721e868b1e494bd9307981e60ee9c9d185a33dbdad20d7a7197
PROJECT_GOVERNANCE/08_OPERATIONS/85_ACCEPTANCE_MATRIX.md	795	4b77d8ec20cc921c0e5f506ae29a7253c0962ff0ff4139a4656dd8e6f70f720b
PROJECT_GOVERNANCE/08_OPERATIONS/86_FINAL_HANDOFF_PROTOCOL.md	334	12a743e793b78602dd68a938ff134145dd536ae43c6d3b2b7f50198bbda4f2d9
PROJECT_GOVERNANCE/09_LEGAL_TEMPLATES/COMMERCIAL_LICENSE_TERM_SHEET.md	465	c9013f73804098927a885e6bb7e9033050b66028e290bbacff4a9af5472cc90c
PROJECT_GOVERNANCE/09_LEGAL_TEMPLATES/CONTRIBUTOR_LICENSE_AGREEMENT_REQUIREMENTS.md	457	e1c691100e6a7b2d6b7aa951edc538d550e76e9e78f039e7c41b491195175b1e
PROJECT_GOVERNANCE/09_LEGAL_TEMPLATES/DATA_PROCESSING_ADDENDUM_REQUIREMENTS.md	313	95e6924d0e11771336dfa8ac83cdcf6dd73a7f8ec49802ec5c40e602af3804b7
PROJECT_GOVERNANCE/09_LEGAL_TEMPLATES/LEGAL_REVIEW_CHECKLIST.md	355	958f2aa6a12936d56816faefb6997d4b5c4c27e9992d3ca8b8935e39d1b5a459
PROJECT_GOVERNANCE/09_LEGAL_TEMPLATES/SECURITY_POLICY_TEMPLATE.md	291	b3802f607030dfc80f359412b2294fc5db48badf64426af262a9ac0bc939be1d
PROJECT_GOVERNANCE/09_LEGAL_TEMPLATES/TRADEMARK_POLICY_TEMPLATE.md	305	8b9422d6485ad44d8942dd9a34970a4614195bb96b6667b80a2146e17f91b055
PROJECT_GOVERNANCE/CHANGELOG_V4.md	1061	20f11cd526aed9468edcfd67280259a60ec12c627d84c5639e1d42d1b3d39074
PROJECT_GOVERNANCE/DATA/acceptance-matrix.yaml	1013	d97dde4c3d65e0b46a8bc0ead0c1b529a0c94fcda93efc8eae83135d6616187c
PROJECT_GOVERNANCE/DATA/capability-permission-catalog.csv	658	af1dcda87a3c4ed8707a1b7cd2b2dddcc2f4347333ed6ba50a152d520b15d3e5
PROJECT_GOVERNANCE/DATA/compliance-pack-matrix.csv	744	0b5bda39d1be6675e6c5a45c8373963530c079108f815a562fd58b0af856fd25
PROJECT_GOVERNANCE/DATA/grant-work-packages.yaml	1330	f1dc0f8825babd00067fe32944a3380f9b6af0359ebe065dc7dfe47af1467528
PROJECT_GOVERNANCE/DATA/licensing-matrix.csv	580	8f5c1825fb9bfd28a925ede880a3fd4f4029739277c15a173cb5eba98822e81c
PROJECT_GOVERNANCE/DATA/public-private-matrix.csv	847	7712e32ee3f7bdf612a93efa9d93ff522a7c17c002f839c9cdf0da9596b1913b
PROJECT_GOVERNANCE/DATA/repository-map.json	873	31b8012a9dbcba91712c11c2110142cf46dcc7d6e9db1d38c6a65b65223b91ba
PROJECT_GOVERNANCE/DATA/source-registry.json	6631	0a2defec359b52bb4b6fa07bfcf499ed9c129938c7faec6df78d13018482047d
PROJECT_GOVERNANCE/DATA/technology-radar-seed.json	1630	3355490b1b7f1d1a1980391654a2a3eaeae7679a585ba7ab6b024c017fa75348
PROJECT_GOVERNANCE/DESIGN/APPROVED_WEBUI_REFERENCE.png	1437488	42c8b6fa5da6d769d43d32d17aec0350a1106ebe48e283d794f6694671fd7c27
PROJECT_GOVERNANCE/HANDOFF/CURRENT_HANDOFF.md	434	6a21dc924161be9a87fc95db0d33c62fe64c9592d24e8b78def320b2ede9c18f
PROJECT_GOVERNANCE/HANDOFF/NEXT_GATE.md	495	c5f5c605da78c2b74c57b6c75e6b0894e9b52d93d5f04a27620002c8c9c22422
PROJECT_GOVERNANCE/HANDOFF/OPERATIVE_CURSOR.json	359	c6ee80db18b3044312ec38fcab0bc45440791fd772f8c83372540d9023a45ca2
PROJECT_GOVERNANCE/HANDOFF/OWNER_DECISIONS.md	931	7815544b88164cd7b552387d3b564d28447253b64e9609087f2444a7271ef257
PROJECT_GOVERNANCE/IMPLEMENTATION_GATES.yaml	955	61727603f0fcb75cfd6d98d8bc9e28a6f159d6b47762dd7006ea662012f79da5
PROJECT_GOVERNANCE/MANIFEST.sha256	13007	badd7dd795de84c3b55289fd6f56ef631e5ac642b4778c0076cd0a2be9e24be0
PROJECT_GOVERNANCE/MASTER_SPECIFICATION_V4.md	6102	0c6cdeddba50f0a50963e94d79682ecf9b600c495d213382a445fe63a13190e0
PROJECT_GOVERNANCE/OWNER_REVIEW_CHECKLIST.md	569	ed1756d0dbaaf005a9e9561dea0fafa84a39c807d9936e9ae98dbffa2eb14721
PROJECT_GOVERNANCE/PACKAGING_REPORT.txt	655	59c706483fcd09d9356f42a96b197a298ef002759b414747d882ba3a849e1ebd
PROJECT_GOVERNANCE/PROJECT_METADATA.json	590	ec84a1c6cdecfa74a05c7a48b640abc68892b939d181bf582ee85da688417992
PROJECT_GOVERNANCE/PROJECT_STATUS.md	714	82a9da8d6e001ef6ae1459dfc48f51047ccdf3c28a57edb34db8d0faee87ea36
PROJECT_GOVERNANCE/README.md	2025	dd0a9e3699927380af2ca9496b4fe29f4fa26f9086ed6427d00e32546f87bdf4
PROJECT_GOVERNANCE/README_IT.md	1343	d4e9c697c82647741b1d94306b2a8c3b7a740cab3655cefdc5306a0a855a70ef
PROJECT_GOVERNANCE/REFERENCES/DEPRECATED_WORKING_ARCHIVES.md	1099	b603e2390681fc00e053f558dbbb8b64b79e65def6efd8a99dd4e0d728ab4c61
PROJECT_GOVERNANCE/REFERENCES/NOESAR_EVOLUTION_MASTER_PROJECT_HANDOFF_V3_1_PACKAGING_REPORT.txt	640	1e1dc10c2675614597150f74603e72e7fbbca2f6157e7dd3e31beeabed757650
PROJECT_GOVERNANCE/REFERENCES/REFERENCE_CHAIN.md	383	418fe70182ea0f487046b81e73d583bbb713b345eec253bfb8c62caad02b8865
PROJECT_GOVERNANCE/SCHEMAS/capability-manifest.schema.json	1703	5acc863767a64e42b733dfa20fece9590b41f7196988ed1c7caa8abc4db8a251
PROJECT_GOVERNANCE/SCHEMAS/compliance-pack.schema.json	1001	4f8481dd939fbe3cf7bfd4f10b36ee374f45a1a182bbcb229bc544aeb891878d
PROJECT_GOVERNANCE/SCHEMAS/data-classification.schema.json	894	c48b7b10983e03aa86a27042cbab1b2e4b2f6abb23b400c3e7e978a00eb5dce1
PROJECT_GOVERNANCE/SCHEMAS/grant-work-package.schema.json	950	3f11e48eecefe93080e45afad9bc8d713076883fa7108f0fb912605add373ba4
PROJECT_GOVERNANCE/SCHEMAS/industry-module-manifest.schema.json	1445	3be0765c79f3fd79e2e79203c11f8f42a4ac5513eeddaeea78423863512bf26a
PROJECT_GOVERNANCE/SCHEMAS/model-descriptor.schema.json	1391	f7667ffdffe88bb04de298124660c722e371d4b6d28cede3cc38627a96d60845
PROJECT_GOVERNANCE/SCHEMAS/owner-entitlement.schema.json	798	0d56caeb61f6d320da110f939ef459087a0a2322907d47ac697642d671e9ca0a
PROJECT_GOVERNANCE/SCHEMAS/project-state.schema.json	791	b63011c2bd35b97e0fb8c073459e8da8639b618c8b72902982dd6de3100cee68
PROJECT_GOVERNANCE/SCHEMAS/runtime-adapter.schema.json	989	f280d1f33514fb7913ae925bf17ab81466c3df4c738b83ae9fcecb98d9e46f0f
PROJECT_GOVERNANCE/SCHEMAS/update-metadata.schema.json	833	f1302c6af47121dec0a1989c0c42ea5a43f5ef2131e7e0ad1f0aa504e871ef1d
PROJECT_GOVERNANCE/SOURCE_REGISTRY.md	5975	59dcbf437cfb14162c8f50b7b0731ac099f6b383dc18a2ce901eb7a3a214d8e3
PROJECT_GOVERNANCE/TOOLS/README.md	80	4328916a9322d05c80b791d4311577fc24d8396ed5c75adc874eef9addec1895
PROJECT_GOVERNANCE/TOOLS/verify_package.py	796	00ea8e2dd3220da40373152fa66a6fa0d8b9b0fce9767fe3edf207976092c73e
PROJECT_GOVERNANCE/TRACEABILITY_MATRIX.csv	781	aa0bff9fef13b8a9eb6eca2bac182dceb437d2356b5ab542fa8ac40dc049add7
README.md	1550	3621268d950164e0182a023448118cad27854b73b4261f79f8d6859abf087111
RELEASE/AI_WORKSPACE_P0_TRACEABILITY.tsv	3292	f4a7dd3fe9e69c46c96e87c78b69875b754885f02e938eaed0fec2d5b844275c
RELEASE/COMPANION_ARCHIVE_CHECKSUMS.txt	534	586c4ab42209e24d19ff0492e7cabf62b9bcf512fbeff23f344e2b330d71916b
RELEASE/FIVE_PACKAGE_SET.md	344	20f327087ebb29bbbf46fd6c2b809020ebdc8f777ef112d3098b496b66464a6a
RELEASE/MASTER_V4_PACKAGE_MAPPING.tsv	28686	94e564525d693a435bda787c4a436b99c827911eedf8dcab944f0b9308b36588
RELEASE/OPEN_WORK_PACKAGE_REGISTER.md	575	8e47e114d2a62fe70574e9bb2533090c1b981fb4866a41364b6a1e872b97f357
